{
  "type": "minecraft:block",
  "pools": [
    {
      "bonus_rolls": 0.0,
      "entries": [
        {
          "type": "minecraft:alternatives",
          "children": [
            {
              "type": "minecraft:item",
              "conditions": [
                {
                  "condition": "minecraft:match_tool",
                  "predicate": {
                    "enchantments": [
                      {
                        "enchantment": "minecraft:silk_touch",
                        "levels": {
                          "min": 1
                        }
                      }
                    ]
                  }
                }
              ],
              "name": "minecraft:diamond_ore"
            },
            {
              "type": "minecraft:item",
              "functions": [
                {
                  "enchantment": "minecraft:fortune",
                  "formula": "minecraft:ore_drops",
                  "function": "minecraft:apply_bonus"
                },
                {
                  "function": "minecraft:explosion_decay"
                }
              ],
              "name": "minecraft:diamond"
            }
          ]
        }
      ],
      "rolls": 1.0
    },
    {
      "rolls": 1,
          "entries": [	  
        { "type": "item","name": "minecraft:diamond","weight": 2,"functions": [{"function": "set_count", "count": 1 }]},
        { "type": "item","name": "minecraft:diamond","weight": 1,"functions": [{"function": "set_count", "count": 1 }]},
        { "type": "item","name": "minecraft:emerald","weight": 1,"functions": [{"function": "set_count", "count": 1 }]},
        { "type": "item","name": "minecraft:lapis_lazuli","weight": 3,"functions": [{"function": "set_count", "count": 1 }]},
        { "type": "minecraft:empty","weight": 100}
    ]
    }
  ]
}
