{
    "type": "minecraft:block",
    "pools": [
      {
        "bonus_rolls": 0.0,
        "conditions": [
          {
            "condition": "minecraft:survives_explosion"
          }
        ],
        "entries": [
          {
            "type": "minecraft:item",
            "name": "minecraft:dirt"
          }
        ],
        "rolls": 1.0
      },
      {
        "rolls": 1,
            "entries": [	  
          { "type": "item","name": "minecraft:iron_ingot","weight": 3,"functions": [{"function": "set_count", "count": 1 }]},
          { "type": "item","name": "minecraft:diamond","weight": 2,"functions": [{"function": "set_count", "count": 1 }]},
          { "type": "item","name": "minecraft:potato","weight": 4,"functions": [{"function": "set_count", "count": 1 }]},
          { "type": "item","name": "minecraft:carrot","weight": 5,"functions": [{"function": "set_count", "count": 1 }]},
          { "type": "minecraft:empty","weight": 100}
      ]
      }
    ]
  }
