{
  "type": "minecraft:block",
  "pools": [
    {
      "bonus_rolls": 0.0,
      "conditions": [
        {
          "condition": "minecraft:survives_explosion"
        }
      ],
      "entries": [
        {
          "type": "minecraft:item",
          "name": "minecraft:end_stone"
        }
      ],
      "rolls": 1.0
    },
    {
      "rolls": 1,
          "entries": [	  
        { "type": "item","name": "minecraft:ghast_tear","weight": 2,"functions": [{"function": "set_count", "count": 1 }]},
        { "type": "item","name": "minecraft:glass","weight": 3,"functions": [{"function": "set_count", "count": 1 }]},
        { "type": "item","name": "minecraft:ender_eye","weight": 2,"functions": [{"function": "set_count", "count": 1 }]},
        { "type": "item","name": "minecraft:iron_bars","weight": 4,"functions": [{"function": "set_count", "count": 1 }]},
        { "type": "item","name": "minecraft:ladder","weight": 4,"functions": [{"function": "set_count", "count": 1 }]},
        { "type": "minecraft:empty","weight": 100}
    ]
    }
  ]
}
