{
  "type": "minecraft:block",
  "pools": [
    {
      "bonus_rolls": 0.0,
      "conditions": [
        {
          "condition": "minecraft:survives_explosion"
        }
      ],
      "entries": [
        {
          "type": "minecraft:item",
          "name": "minecraft:sand"
        }
      ],
      "rolls": 1.0
    },
    {
      "rolls": 1,
          "entries": [	  
        { "type": "item","name": "minecraft:gold_nugget","weight": 2,"functions": [{"function": "set_count", "count": 1 }]},
        { "type": "item","name": "minecraft:diamond","weight": 1,"functions": [{"function": "set_count", "count": 1 }]},
        { "type": "item","name": "minecraft:glass_bottle","weight": 1,"functions": [{"function": "set_count", "count": 1 }]},
        { "type": "item","name": "minecraft:bucket","weight": 1,"functions": [{"function": "set_count", "count": 1 }]},
        { "type": "minecraft:empty","weight": 100}
    ]
    }
  ]
}
