{
  "type": "minecraft:block",
  "pools": [
    {
      "bonus_rolls": 0.0,
      "entries": [
        {
          "type": "minecraft:alternatives",
          "children": [
            {
              "type": "minecraft:item",
              "conditions": [
                {
                  "condition": "minecraft:match_tool",
                  "predicate": {
                    "enchantments": [
                      {
                        "enchantment": "minecraft:silk_touch",
                        "levels": {
                          "min": 1
                        }
                      }
                    ]
                  }
                }
              ],
              "name": "minecraft:stone"
            },
            {
              "type": "minecraft:item",
              "conditions": [
                {
                  "condition": "minecraft:survives_explosion"
                }
              ],
              "name": "minecraft:cobblestone"
            }
          ]
        }
      ],
      "rolls": 1.0
    },
    {
      "rolls": 1,
          "entries": [	  
        { "type": "item","name": "minecraft:sand","weight": 4,"functions": [{"function": "set_count", "count": 1 }]},
        { "type": "item","name": "minecraft:lapis_lazuli","weight": 4,"functions": [{"function": "set_count", "count": 1 }]},
        { "type": "minecraft:empty","weight": 100}
    ]
    }
  ]
}
