{
  "pools": [
    {
      "rolls": 1,
      "entries": [
        { "type": "minecraft:item","name": "minecraft:cooked_rabbit","weight": 1,"functions": [{"function": "set_count", "count": 4 }]},
        { "type": "minecraft:item","name": "minecraft:cooked_cod","weight": 1,"functions": [{"function": "set_count", "count": 4 }]},
        { "type": "minecraft:item","name": "minecraft:cooked_salmon","weight": 1,"functions": [{"function": "set_count", "count": 5 }]},
        { "type": "minecraft:item","name": "minecraft:baked_potato","weight": 1,"functions": [{"function": "set_count", "count": 6 }]},
        { "type": "minecraft:item","name": "minecraft:cooked_porkchop","weight": 1,"functions": [{"function": "set_count", "count": 4 }]},
        { "type": "minecraft:item","name": "minecraft:pumpkin_pie","weight": 1,"functions": [{"function": "set_count", "count": 3 }]},
        { "type": "minecraft:item","name": "minecraft:rabbit_stew","weight": 1,"functions": [{"function": "set_count", "count": 3 }]},
        { "type": "minecraft:item","name": "minecraft:pink_wool","weight": 1,"functions": [{"function": "set_count", "count": 4 }]},
        { "type": "minecraft:item","name": "minecraft:melon","weight": 1,"functions": [{"function": "set_count", "count": 2 }]},
        { "type": "minecraft:item","name": "minecraft:apple","weight": 1,"functions": [{"function": "set_count", "count": 8 }]},
        { "type": "minecraft:item","name": "minecraft:diamond","weight": 1,"functions": [{"function": "set_count", "count": 1 }]},
        { "type": "minecraft:item","name": "minecraft:snowball","weight": 1,"functions": [{"function": "set_count", "count": 6 }]},
        { "type": "minecraft:item","name": "minecraft:slime_ball","weight": 1,"functions": [{"function": "set_count", "count": 4 }]}
                 ]
        }]
}