{
  "pools": [
    {
      "rolls": 1,
      "entries": [
        { "type": "item","name": "minecraft:rotten_flesh","weight": 9,"functions": [{"function": "set_count", "count": 45 }]},
		{ "type": "item","name": "minecraft:totem_of_undying","weight": 1,"functions": [{"function": "set_count", "count": 2 }]},
		{ "type": "item","name": "minecraft:end_crystal","weight": 1,"functions": [{"function": "set_count", "count": 1 }]},
		{ "type": "item","name": "minecraft:elytra","weight": 1,"functions": [{"function": "set_count", "count": 1 }]},
		{ "type": "item","name": "minecraft:sponge","weight": 1,"functions": [{"function": "set_count", "count": 10 }]},
		{ "type": "item","name": "minecraft:sea_lantern","weight": 1,"functions": [{"function": "set_count", "count": 1 }]},
		{ "type": "item","name": "minecraft:nether_star","weight": 1,"functions": [{"function": "set_count", "count": 1 }]},	
		{ "type": "item","name": "minecraft:netherite_sword","weight": 1,"functions": [{"function": "set_count", "count": 1 }]},
	    { "type": "item","name": "minecraft:netherite_pickaxe","weight": 1,"functions": [{"function": "set_count", "count": 1 }]},
		{ "type": "item","name": "minecraft:netherite_ingot","weight": 1,"functions": [{"function": "set_count", "count": 6 }]},
		{ "type": "item","name": "minecraft:gold_ingot","weight": 1,"functions": [{"function": "set_count", "count": 25 }]},
		{ "type": "item","name": "minecraft:iron_ingot","weight": 1,"functions": [{"function": "set_count", "count": 45 }]},
        { "type": "item","name": "minecraft:diamond_ore","weight": 1,"functions": [{"function": "set_count", "count": 5 }]},
		{ "type": "item","name": "minecraft:lapis_lazuli","weight": 1,"functions": [{"function": "set_count", "count": 5 }]},
		{ "type": "item","name": "minecraft:enchanted_golden_apple","weight": 1,"functions": [{"function": "set_count", "count": 10 }]},
		{ "type": "item","name": "minecraft:heart_of_the_sea","weight": 1,"functions": [{"function": "set_count", "count": 1 }]},
		{ "type": "item","name": "minecraft:firework_rocket","weight": 2,"functions": [{"function": "set_count", "count": 45 }]},
		{ "type": "item","name": "minecraft:gray_shulker_box","weight": 1,"functions": [{"function": "set_count", "count": 3 }]},
        { "type": "item","name": "minecraft:stone", "weight": 16,"functions": [{ "function": "set_count","count": 1}]}
                 ]
        }]
}